"Código","Gênero","Idade","HAM","rs10748643","rs11188513","diplotype","binarized","expression_group","top_high_expression"
"1","F",55,0,"GG","TT","GG/TT","Grupo2","Alta","Alta"
"2","M",44,0,"AG","CT","AG/CT","Grupo2","Média/Baixa","Média/Baixa"
"3","M",62,0,"AG","CT","AG/CT","Grupo2","Média/Baixa","Média/Baixa"
"4","F",69,0,"AG","CT","AG/CT","Grupo2","Média/Baixa","Média/Baixa"
"5","F",53,0,"AG","TT","AG/TT","Grupo2","Alta","Média/Baixa"
"6","M",66,0,"AA","CC","AA/CC","Grupo1","Média/Baixa","Média/Baixa"
"7","F",32,0,"AG","CT","AG/CT","Grupo2","Média/Baixa","Média/Baixa"
"9","F",48,0,"AG","CT","AG/CT","Grupo2","Média/Baixa","Média/Baixa"
"10","M",38,0,"GG","TT","GG/TT","Grupo2","Alta","Alta"
"11","F",79,0,"AG","CT","AG/CT","Grupo2","Média/Baixa","Média/Baixa"
"14","F",55,0,"AG","TT","AG/TT","Grupo2","Alta","Média/Baixa"
"15","F",54,0,"AA","CC","AA/CC","Grupo1","Média/Baixa","Média/Baixa"
"16","F",52,0,"AA","CC","AA/CC","Grupo1","Média/Baixa","Média/Baixa"
"19","F",70,0,"GG","TT","GG/TT","Grupo2","Alta","Alta"
"21","F",47,0,"AG","CT","AG/CT","Grupo2","Média/Baixa","Média/Baixa"
"22","F",69,0,"AG","CT","AG/CT","Grupo2","Média/Baixa","Média/Baixa"
"23","F",49,0,"AA","TT","AA/TT","Grupo2","Média/Baixa","Média/Baixa"
"24","F",27,0,"AG","CT","AG/CT","Grupo2","Média/Baixa","Média/Baixa"
"25","F",44,0,"AG","CT","AG/CT","Grupo2","Média/Baixa","Média/Baixa"
"26","M",21,0,"GG","TT","GG/TT","Grupo2","Alta","Alta"
"27","M",74,0,"AG","CT","AG/CT","Grupo2","Média/Baixa","Média/Baixa"
"28","F",47,0,"GG","TT","GG/TT","Grupo2","Alta","Alta"
"29","M",38,0,"AG","CT","AG/CT","Grupo2","Média/Baixa","Média/Baixa"
"30","M",47,0,"AG","CT","AG/CT","Grupo2","Média/Baixa","Média/Baixa"
"31","F",38,1,"AA","TT","AA/TT","Grupo2","Média/Baixa","Média/Baixa"
"34","M",66,0,"AG","CT","AG/CT","Grupo2","Média/Baixa","Média/Baixa"
"35","F",73,0,"AA","CC","AA/CC","Grupo1","Média/Baixa","Média/Baixa"
"37","F",30,0,"AA","CT","AA/CT","Grupo1","Média/Baixa","Média/Baixa"
"38","F",31,0,"AG","CT","AG/CT","Grupo2","Média/Baixa","Média/Baixa"
"39","F",31,0,"AG","CT","AG/CT","Grupo2","Média/Baixa","Média/Baixa"
"41","M",39,1,"AG","CT","AG/CT","Grupo2","Média/Baixa","Média/Baixa"
"42","F",66,0,"AG","CT","AG/CT","Grupo2","Média/Baixa","Média/Baixa"
"44","F",38,0,"AG","TT","AG/TT","Grupo2","Alta","Média/Baixa"
"45","M",29,0,"AG","CT","AG/CT","Grupo2","Média/Baixa","Média/Baixa"
"46","F",19,0,"AG","CC","AG/CC","Grupo2","Média/Baixa","Média/Baixa"
"47","F",44,0,"AG","CT","AG/CT","Grupo2","Média/Baixa","Média/Baixa"
"48","M",37,0,"AG","TT","AG/TT","Grupo2","Alta","Média/Baixa"
"49","F",72,0,"AA","CT","AA/CT","Grupo1","Média/Baixa","Média/Baixa"
"51","F",65,0,"AG","CT","AG/CT","Grupo2","Média/Baixa","Média/Baixa"
"52","F",52,0,"AG","CT","AG/CT","Grupo2","Média/Baixa","Média/Baixa"
"53","F",33,0,"GG","TT","GG/TT","Grupo2","Alta","Alta"
"55","F",48,0,"AG","CT","AG/CT","Grupo2","Média/Baixa","Média/Baixa"
"56","F",25,0,"AG","TT","AG/TT","Grupo2","Alta","Média/Baixa"
"58","F",54,0,"GG","TT","GG/TT","Grupo2","Alta","Alta"
"60","M",35,0,"AG","CT","AG/CT","Grupo2","Média/Baixa","Média/Baixa"
"61","M",57,0,"AG","CT","AG/CT","Grupo2","Média/Baixa","Média/Baixa"
"62","F",36,0,"GG","TT","GG/TT","Grupo2","Alta","Alta"
"63","M",55,1,"AG","CT","AG/CT","Grupo2","Média/Baixa","Média/Baixa"
"64","F",67,0,"GG","TT","GG/TT","Grupo2","Alta","Alta"
"65","F",46,1,"AG","CT","AG/CT","Grupo2","Média/Baixa","Média/Baixa"
"66","M",67,0,"AG","CT","AG/CT","Grupo2","Média/Baixa","Média/Baixa"
"67","F",24,0,"AA","CT","AA/CT","Grupo1","Média/Baixa","Média/Baixa"
"69","F",51,0,"AA","CT","AA/CT","Grupo1","Média/Baixa","Média/Baixa"
"70","F",59,0,"GG","TT","GG/TT","Grupo2","Alta","Alta"
"71","F",67,1,"AG","CT","AG/CT","Grupo2","Média/Baixa","Média/Baixa"
"72","M",41,0,"AG","CT","AG/CT","Grupo2","Média/Baixa","Média/Baixa"
"73","F",25,0,"AG","TT","AG/TT","Grupo2","Alta","Média/Baixa"
"74","M",18,0,"AG","TT","AG/TT","Grupo2","Alta","Média/Baixa"
"76","F",60,0,"AA","TT","AA/TT","Grupo2","Média/Baixa","Média/Baixa"
"77","F",52,1,"GG","TT","GG/TT","Grupo2","Alta","Alta"
"79","F",34,0,"AG","TT","AG/TT","Grupo2","Alta","Média/Baixa"
"80","F",43,0,"GG","TT","GG/TT","Grupo2","Alta","Alta"
"81","M",48,0,"AG","CT","AG/CT","Grupo2","Média/Baixa","Média/Baixa"
"82","M",49,0,"GG","TT","GG/TT","Grupo2","Alta","Alta"
"83","M",54,0,"GG","TT","GG/TT","Grupo2","Alta","Alta"
"85","M",58,1,"AA","CT","AA/CT","Grupo1","Média/Baixa","Média/Baixa"
"87","F",48,0,"GG","TT","GG/TT","Grupo2","Alta","Alta"
"88","F",50,0,"AA","CT","AA/CT","Grupo1","Média/Baixa","Média/Baixa"
"89","F",56,1,"GG","TT","GG/TT","Grupo2","Alta","Alta"
"90","M",59,0,"GG","TT","GG/TT","Grupo2","Alta","Alta"
"92","F",69,1,"AG","CT","AG/CT","Grupo2","Média/Baixa","Média/Baixa"
"95","F",69,0,"GG","TT","GG/TT","Grupo2","Alta","Alta"
"97","F",48,0,"GG","TT","GG/TT","Grupo2","Alta","Alta"
"98","F",75,0,"AG","CT","AG/CT","Grupo2","Média/Baixa","Média/Baixa"
"99","F",53,1,"AA","TT","AA/TT","Grupo2","Média/Baixa","Média/Baixa"
"100","M",48,1,"AG","CT","AG/CT","Grupo2","Média/Baixa","Média/Baixa"
"102","M",65,0,"AA","TT","AA/TT","Grupo2","Média/Baixa","Média/Baixa"
"104","F",64,1,"AG","CT","AG/CT","Grupo2","Média/Baixa","Média/Baixa"
"105","F",34,1,"GG","TT","GG/TT","Grupo2","Alta","Alta"
"106","F",51,1,"GG","TT","GG/TT","Grupo2","Alta","Alta"
"107","F",51,1,"GG","TT","GG/TT","Grupo2","Alta","Alta"
"108","F",44,0,"AA","CC","AA/CC","Grupo1","Média/Baixa","Média/Baixa"
"109","F",38,0,"AG","CT","AG/CT","Grupo2","Média/Baixa","Média/Baixa"
"110","F",45,0,"AG","TT","AG/TT","Grupo2","Alta","Média/Baixa"
"111","F",56,0,"AA","CT","AA/CT","Grupo1","Média/Baixa","Média/Baixa"
"113","M",46,0,"AG","CT","AG/CT","Grupo2","Média/Baixa","Média/Baixa"
"114","M",61,1,"AG","CT","AG/CT","Grupo2","Média/Baixa","Média/Baixa"
"115","F",46,0,"AA","CC","AA/CC","Grupo1","Média/Baixa","Média/Baixa"
"116","F",58,0,"GG","TT","GG/TT","Grupo2","Alta","Alta"
"117","M",47,0,"GG","TT","GG/TT","Grupo2","Alta","Alta"
"118","M",60,1,"AG","CT","AG/CT","Grupo2","Média/Baixa","Média/Baixa"
"119","F",39,1,"AG","CT","AG/CT","Grupo2","Média/Baixa","Média/Baixa"
"120","F",59,0,"AG","CT","AG/CT","Grupo2","Média/Baixa","Média/Baixa"
"121","M",54,0,"GG","TT","GG/TT","Grupo2","Alta","Alta"
"122","M",21,0,"AA","CT","AA/CT","Grupo1","Média/Baixa","Média/Baixa"
"GC_1",NA,NA,3,"GG","CC","GG/CC",NA,"Média/Baixa","Média/Baixa"
"GC_2",NA,NA,3,"GG","CC","GG/CC",NA,"Média/Baixa","Média/Baixa"
"GC_3",NA,NA,3,"GG","CC","GG/CC",NA,"Média/Baixa","Média/Baixa"
"GC_4",NA,NA,3,"GG","CC","GG/CC",NA,"Média/Baixa","Média/Baixa"
"GC_5",NA,NA,3,"GG","CC","GG/CC",NA,"Média/Baixa","Média/Baixa"
"GC_6",NA,NA,3,"GG","CT","GG/CT",NA,"Alta","Média/Baixa"
"GC_7",NA,NA,3,"GG","CT","GG/CT",NA,"Alta","Média/Baixa"
"GC_8",NA,NA,3,"GG","CT","GG/CT",NA,"Alta","Média/Baixa"
"GC_9",NA,NA,3,"GG","CT","GG/CT",NA,"Alta","Média/Baixa"
"GC_10",NA,NA,3,"GG","CT","GG/CT",NA,"Alta","Média/Baixa"
"GC_11",NA,NA,3,"GG","CT","GG/CT",NA,"Alta","Média/Baixa"
"GC_12",NA,NA,3,"GG","CT","GG/CT",NA,"Alta","Média/Baixa"
"GC_13",NA,NA,3,"GG","CT","GG/CT",NA,"Alta","Média/Baixa"
"GC_14",NA,NA,3,"GG","CT","GG/CT",NA,"Alta","Média/Baixa"
"GC_15",NA,NA,3,"GG","CT","GG/CT",NA,"Alta","Média/Baixa"
"GC_16",NA,NA,3,"GG","CT","GG/CT",NA,"Alta","Média/Baixa"
"GC_17",NA,NA,3,"GG","CT","GG/CT",NA,"Alta","Média/Baixa"
"GC_18",NA,NA,3,"GG","CT","GG/CT",NA,"Alta","Média/Baixa"
"GC_19",NA,NA,3,"GG","CT","GG/CT",NA,"Alta","Média/Baixa"
"GC_20",NA,NA,3,"GG","CT","GG/CT",NA,"Alta","Média/Baixa"
"GC_21",NA,NA,3,"GG","CT","GG/CT",NA,"Alta","Média/Baixa"
"GC_22",NA,NA,3,"GG","CT","GG/CT",NA,"Alta","Média/Baixa"
"GC_23",NA,NA,3,"GG","CT","GG/CT",NA,"Alta","Média/Baixa"
"GC_24",NA,NA,3,"GG","CT","GG/CT",NA,"Alta","Média/Baixa"
"GC_25",NA,NA,3,"AG","CT","AG/CT",NA,"Média/Baixa","Média/Baixa"
"GC_26",NA,NA,3,"AG","CT","AG/CT",NA,"Média/Baixa","Média/Baixa"
"GC_27",NA,NA,3,"AG","CT","AG/CT",NA,"Média/Baixa","Média/Baixa"
"GC_28",NA,NA,3,"AG","CT","AG/CT",NA,"Média/Baixa","Média/Baixa"
"GC_29",NA,NA,3,"AG","CT","AG/CT",NA,"Média/Baixa","Média/Baixa"
"GC_30",NA,NA,3,"AG","CT","AG/CT",NA,"Média/Baixa","Média/Baixa"
"GC_31",NA,NA,3,"AG","CT","AG/CT",NA,"Média/Baixa","Média/Baixa"
"GC_32",NA,NA,3,"AG","CT","AG/CT",NA,"Média/Baixa","Média/Baixa"
"GC_33",NA,NA,3,"AG","CT","AG/CT",NA,"Média/Baixa","Média/Baixa"
"GC_34",NA,NA,3,"AG","CT","AG/CT",NA,"Média/Baixa","Média/Baixa"
"GC_35",NA,NA,3,"AG","CT","AG/CT",NA,"Média/Baixa","Média/Baixa"
"GC_36",NA,NA,3,"AG","CT","AG/CT",NA,"Média/Baixa","Média/Baixa"
"GC_37",NA,NA,3,"AG","TT","AG/TT",NA,"Alta","Média/Baixa"
"GC_38",NA,NA,3,"AG","TT","AG/TT",NA,"Alta","Média/Baixa"
"GC_39",NA,NA,3,"AG","TT","AG/TT",NA,"Alta","Média/Baixa"
"GC_40",NA,NA,3,"AG","TT","AG/TT",NA,"Alta","Média/Baixa"
"GC_41",NA,NA,3,"AG","TT","AG/TT",NA,"Alta","Média/Baixa"
"GC_42",NA,NA,3,"AG","TT","AG/TT",NA,"Alta","Média/Baixa"
"GC_43",NA,NA,3,"AG","TT","AG/TT",NA,"Alta","Média/Baixa"
"GC_44",NA,NA,3,"AG","TT","AG/TT",NA,"Alta","Média/Baixa"
"GC_45",NA,NA,3,"AG","TT","AG/TT",NA,"Alta","Média/Baixa"
"GC_46",NA,NA,3,"AG","TT","AG/TT",NA,"Alta","Média/Baixa"
"GC_47",NA,NA,3,"AG","TT","AG/TT",NA,"Alta","Média/Baixa"
"GC_48",NA,NA,3,"AG","TT","AG/TT",NA,"Alta","Média/Baixa"
"GC_49",NA,NA,3,"AG","TT","AG/TT",NA,"Alta","Média/Baixa"
"GC_50",NA,NA,3,"AG","TT","AG/TT",NA,"Alta","Média/Baixa"
"GC_51",NA,NA,3,"AG","TT","AG/TT",NA,"Alta","Média/Baixa"
"GC_52",NA,NA,3,"AG","TT","AG/TT",NA,"Alta","Média/Baixa"
"GC_53",NA,NA,3,"AG","TT","AG/TT",NA,"Alta","Média/Baixa"
"GC_54",NA,NA,3,"AG","TT","AG/TT",NA,"Alta","Média/Baixa"
"GC_55",NA,NA,3,"AG","TT","AG/TT",NA,"Alta","Média/Baixa"
"GC_56",NA,NA,3,"AG","TT","AG/TT",NA,"Alta","Média/Baixa"
"GC_57",NA,NA,3,"AG","TT","AG/TT",NA,"Alta","Média/Baixa"
"GC_58",NA,NA,3,"AG","TT","AG/TT",NA,"Alta","Média/Baixa"
"GC_59",NA,NA,3,"AA","TT","AA/TT",NA,"Média/Baixa","Média/Baixa"
"GC_60",NA,NA,3,"AA","TT","AA/TT",NA,"Média/Baixa","Média/Baixa"
"GC_61",NA,NA,3,"AA","TT","AA/TT",NA,"Média/Baixa","Média/Baixa"
"GC_62",NA,NA,3,"AA","TT","AA/TT",NA,"Média/Baixa","Média/Baixa"
"GC_63",NA,NA,3,"AA","TT","AA/TT",NA,"Média/Baixa","Média/Baixa"
"GC_64",NA,NA,3,"AA","TT","AA/TT",NA,"Média/Baixa","Média/Baixa"
"GC_65",NA,NA,3,"AA","TT","AA/TT",NA,"Média/Baixa","Média/Baixa"
"GC_66",NA,NA,3,"AA","TT","AA/TT",NA,"Média/Baixa","Média/Baixa"
"GC_67",NA,NA,3,"AA","TT","AA/TT",NA,"Média/Baixa","Média/Baixa"
"GC_68",NA,NA,3,"AA","TT","AA/TT",NA,"Média/Baixa","Média/Baixa"
"GC_69",NA,NA,3,"AA","TT","AA/TT",NA,"Média/Baixa","Média/Baixa"
