Nome,Código,Gênero,Idade,HAM/TSP,rs10748643,rs11188513
MARIA ROSÂNGELA MARTINS COSTA,1,F,55,0,GG,TT
SÉRGIO JOSÉ DA SILVA,2,M,44,0,AG,CT
JOSÉ GILDO DA SILVA,3,M,62,0,AG,CT
IONE MARIA DE CARVALHO,4,F,69,0,AG,CT
LEIDEVALDA BEZERRA DA SILVA,5,F,53,0,AG,TT
SANEVA GUEDES DA SILVA,6,M,66,0,AA,CC
KETTIANE FERNANDES DA SILVA,7,F,32,0,AG,CT
EDJANE AVELINO DO CARMO,9,F,48,0,AG,CT
GUSTAVO HENRIQUE ALMEIDA DOS SANTOS,10,M,38,0,GG,TT
JACIRA DE SOUZA DONOFRIO,11,F,79,0,AG,CT
ANA LÚCIA DE FRANÇA SILVA,14,F,55,0,AG,TT
CLÁUDIA LÚCIA LOPES DE FREITAS,15,F,54,0,AA,CC
MARIA DOLORES DE OLIVEIRA SEABRA,16,F,52,0,AA,CC
MARIA JOSÉ DE ARAÚJO,19,F,70,0,GG,TT
DANIELLE FERREIRA DA SILVA,21,F,47,0,AG,CT
IRACEMA SOARES DA SILVA,22,F,69,0,AG,CT
ADRIANI MELO LAUREANO,23,F,49,0,AA,TT
JOYCE CATARINE CÂNDIDO DA SILVA,24,F,27,0,AG,CT
ADRIANA ARAÚJO DOS SANTOS,25,F,44,0,AG,CT
WALLACE ADONES DE OLIVEIRA,26,M,21,0,GG,TT
FRANCISCO GOMES DE SOUZA,27,M,74,0,AG,CT
ELIZABETE CALIFTO DA SILVA BARBOSA,28,F,47,0,GG,TT
JEFFERSON MENDONÇA DA SILVA,29,M,38,0,AG,CT
SILVO BRAZ DA SILVA,30,M,47,0,AG,CT
GESSIONE CAMILO DE ASSIS,31,F,38,1,AA,TT
MANOEL NEMÉZIO FERREIRA,34,M,66,0,AG,CT
EDNA ROCHA DA SILVA,35,F,73,0,AA,CC
ANDREZA PALOMA DA SILVA,37,F,30,0,AA,CT
EDICLÊNIA BEZERRA CAVALCANTE,38,F,31,0,AG,CT
MARIA WALGLEBIA DA SILVA CARVALHO,39,F,31,0,AG,CT
RICARDO HENRIQUE DE SOUZA SILVA,41,M,39,1,AG,CT
MARIA MARLENE CORREIA,42,F,66,0,AG,CT
WANESSA LIRA DA SILVA,44,F,38,0,AG,TT
JOSE WILSON DA SILVA,45,M,29,0,AG,CT
ANA CLECIA NASCIMENTO TAVARES DE SOUSA,46,F,19,0,AG,CC
ELIZABETE PEREIRA DA SILVA,47,F,44,0,AG,CT
MÁRCIO JOSÉ DA SILVA,48,M,37,0,AG,TT
HELDA RODRIGUES DA SILVA,49,F,72,0,AA,CT
MARLETE ALBUQUERQUE,51,F,65,0,AG,CT
CARMEM FERNANDA AGRA COUTINHO NOVAES,52,F,52,0,AG,CT
RENATA BEZERRA DE LIMA ,53,F,33,0,GG,TT
MARLI RIBEIRO GOMES,55,F,48,0,AG,CT
LARISSA CAROLAINE FERREIRA DOS SANTOS,56,F,25,0,AG,TT
MARIA APARECIDA DUARTE,58,F,54,0,GG,TT
DIEGO FELIPE DE BARROS CORREIA,60,M,35,0,AG,CT
MAURO FRANCISCO FARIAS,61,M,57,0,AG,CT
JENNIFER FERREIRA DE SOUZA,62,F,36,0,GG,TT
EDIVALDO FELIPE DOS SANTOS ,63,M,55,1,AG,CT
LÚCIA MARIA DA SILVA,64,F,67,0,GG,TT
EDILENE DE LIMA GALDINO,65,F,46,1,AG,CT
IVANILDO BAZANTE DOS SANTOS,66,M,67,0,AG,CT
LETÍCIA PARISI DE LIMA,67,F,24,0,AA,CT
JOANA ANDRADE ROCHA,69,F,51,0,AA,CT
SEVERINA JOSEFA MARCELINO,70,F,59,0,GG,TT
TEREZA MARIA DA CONCEI,71,F,67,1,AG,CT
ADRIANO JOSÉ DA SILVA,72,M,41,0,AG,CT
MARIA CAROLLAYNE TIBURCIO DA SILVA,73,F,25,0,AG,TT
ESTEVÃO DONIZETE BATISTA DO NASCIMENTO,74,M,18,0,AG,TT
JOSEFA MARIA DA SILVA,76,F,60,0,AA,TT
MARIA LUISA DA SILVA,77,F,52,1,GG,TT
CLEONICE PINTO SOUZA DA SILVA,79,F,34,0,AG,TT
Maria da Conceição Fernandes da Silva,80,F,43,0,GG,TT
Gilmar Silvio da Silva,81,M,48,0,AG,CT
Paulo Fernando,82,M,49,0,GG,TT
Marileide Severo da Silva,83,M,54,0,GG,TT
Juarez José de Melo,85,M,58,1,AA,CT
Suely Maria do Nascimento,87,F,48,0,GG,TT
Lucivânia Maria,88,F,50,0,AA,CT
Edilma Maria Bezerra da Silva,89,F,56,1,GG,TT
Sergio Ricardo de Carvalho Dantas,90,M,59,0,GG,TT
Maria Célia Santos,92,F,69,1,AG,CT
JUDITE DOS SANTOS OLIVEIRA,95,F,69,0,GG,TT
EDILENE MARIA DA SILVA,97,F,48,0,GG,TT
MARIA ALVES PEREIRA,98,F,75,0,AG,CT
Edna Maria Duarte da Silva,99,F,53,1,AA,TT
Roland Michel Maia,100,M,48,1,AG,CT
Edvaldo Lutério da Silva,102,M,65,0,AA,TT
Maria José dos Santos,104,F,64,1,AG,CT
Maria José da Silva,105,F,34,1,GG,TT
Isabel Batista do Nascimento Silva,106,F,51,1,GG,TT
Jessica Almeida Amancio,107,F,51,1,GG,TT
Ana Paula Silas do Nascimento,108,F,44,0,AA,CC
Edivania Maria,109,F,38,0,AG,CT
Angela Almeida Guedes de Lima,110,F,45,0,AG,TT
Vilma Lucia Cavalcante de Andrade,111,F,56,0,AA,CT
Fabio da Silva Veloso ,113,M,46,0,AG,CT
Clóvis Barbosa,114,M,61,1,AG,CT
Edja Francisca da chagas,115,F,46,0,AA,CC
Iaciara Felipe da Costa ,116,F,58,0,GG,TT
Severino do Nascimento Santana,117,M,47,0,GG,TT
José Clementino Bezerra Filho,118,M,60,1,AG,CT
Marcia Socorro,119,F,39,1,AG,CT
Neuba Baracho da Silva,120,F,59,0,AG,CT
José Clênio Barbosa da Silva,121,M,54,0,GG,TT
Valton Simplicio Maciel Filho,122,M,21,0,AA,CT